{
  "timestamp": "2025-07-29T11:22:15.929588",
  "recorded_frames": 1443,
  "data_points": 346,
  "consistency_data": {
    "23,14": 0.0029296875,
    "22,16": 0.0016296386718750002,
    "22,14": 0.002294921875,
    "21,18": 0.001080322265625,
    "20,17": 0.001318359375,
    "10,3": 0.0018127441406250002,
    "11,21": 0.001129150390625,
    "12,3": 0.001995849609375,
    "12,20": 0.001251220703125,
    "10,4": 0.0024963378906250003,
    "9,4": 0.0028259277343750003,
    "7,21": 0.0023986816406250003,
    "6,4": 0.002056884765625,
    "6,17": 0.00260009765625,
    "5,4": 0.004296875,
    "6,21": 0.002899169921875,
    "5,21": 0.0037719726562500003,
    "5,17": 0.0027709960937500003,
    "5,18": 0.00284423828125,
    "5,14": 0.002142333984375,
    "4,18": 0.0025817871093750003,
    "2,4": 0.00518798828125,
    "2,7": 0.0013916015625,
    "3,17": 0.0033752441406250003,
    "2,20": 0.007220458984375001,
    "2,10": 0.001678466796875,
    "3,8": 0.002606201171875,
    "2,3": 0.00401611328125,
    "3,11": 0.00128173828125,
    "3,3": 0.00355224609375,
    "1,7": 0.0011535644531250001,
    "1,9": 0.0042785644531250005,
    "1,12": 0.00269775390625,
    "2,8": 0.001141357421875,
    "1,5": 0.00120849609375,
    "1,10": 0.0021484375,
    "1,3": 0.001226806640625,
    "1,18": 0.001531982421875,
    "1,20": 0.003631591796875,
    "0,5": 0.001251220703125,
    "2,18": 0.0035400390625,
    "2,5": 0.001837158203125,
    "2,22": 0.007318115234375,
    "2,17": 0.002191162109375,
    "63,6": 0.001617431640625,
    "63,10": 0.00260009765625,
    "62,6": 0.0014160156250000002,
    "62,10": 0.001434326171875,
    "12,32": 0.001959228515625,
    "6,27": 0.00357666015625,
    "5,26": 0.005859375,
    "3,31": 0.0015625,
    "3,26": 0.00728759765625,
    "2,29": 0.0040649414062500005,
    "1,33": 0.00294189453125,
    "1,35": 0.00128173828125,
    "3,34": 0.005340576171875,
    "3,22": 0.0018249511718750001,
    "3,19": 0.001080322265625,
    "62,36": 0.0012451171875000001,
    "61,34": 0.007037353515625001,
    "62,29": 0.0012756347656250001,
    "60,38": 0.0031372070312500003,
    "60,29": 0.002178955078125,
    "3,29": 0.0013671875000000001,
    "62,39": 0.0018432617187500002,
    "63,41": 0.002020263671875,
    "61,35": 0.0010009765625000001,
    "63,39": 0.00203857421875,
    "6,30": 0.0016113281250000001,
    "6,32": 0.0051330566406250005,
    "6,38": 0.004296875,
    "8,27": 0.0011718750000000002,
    "9,32": 0.0016418457031250001,
    "1,29": 0.0017333984375000001,
    "3,27": 0.002069091796875,
    "5,27": 0.0046630859375,
    "61,45": 0.0031921386718750003,
    "62,37": 0.001544189453125,
    "61,42": 0.001239013671875,
    "61,48": 0.001513671875,
    "61,43": 0.0022216796875,
    "61,51": 0.0019470214843750001,
    "62,48": 0.004730224609375,
    "62,46": 0.0016906738281250002,
    "63,48": 0.004168701171875,
    "63,46": 0.0018798828125,
    "63,50": 0.0014587402343750001,
    "37,53": 0.001983642578125,
    "39,53": 0.0025634765625,
    "43,53": 0.001776123046875,
    "45,61": 0.001043701171875,
    "46,51": 0.00213623046875,
    "46,53": 0.001043701171875,
    "48,50": 0.00120849609375,
    "47,53": 0.0010620117187500001,
    "49,54": 0.003399658203125,
    "49,51": 0.002099609375,
    "49,56": 0.001019287109375,
    "62,42": 0.002630615234375,
    "62,51": 0.002569580078125,
    "48,43": 0.001318359375,
    "40,45": 0.002447509765625,
    "40,53": 0.0016418457031250001,
    "34,43": 0.0019348144531250002,
    "34,48": 0.0017333984375000001,
    "34,50": 0.0016113281250000001,
    "34,53": 0.00152587890625,
    "36,57": 0.0010009765625000001,
    "34,58": 0.001318359375,
    "3,40": 0.0017333984375000001,
    "1,42": 0.0025573730468750003,
    "3,42": 0.001025390625,
    "1,39": 0.007318115234375,
    "40,46": 0.0023376464843750003,
    "43,43": 0.001898193359375,
    "42,46": 0.001068115234375,
    "43,45": 0.00137939453125,
    "59,58": 0.001678466796875,
    "60,55": 0.0012756347656250001,
    "60,57": 0.00128173828125,
    "4,39": 0.0038696289062500003,
    "6,40": 0.00107421875,
    "2,39": 0.0045654296875,
    "2,42": 0.00126953125,
    "2,36": 0.0013244628906250002,
    "48,29": 0.0016113281250000001,
    "48,34": 0.001116943359375,
    "49,30": 0.00101318359375,
    "52,33": 0.001165771484375,
    "53,25": 0.001983642578125,
    "56,34": 0.00101318359375,
    "8,26": 0.00146484375,
    "3,37": 0.0018737792968750002,
    "3,39": 0.00518798828125,
    "6,34": 0.002606201171875,
    "3,23": 0.00465087890625,
    "2,34": 0.00111083984375,
    "2,37": 0.002130126953125,
    "3,18": 0.005242919921875,
    "2,23": 0.00367431640625,
    "2,15": 0.003875732421875,
    "2,30": 0.0026733398437500003,
    "4,16": 0.002423095703125,
    "40,44": 0.0019470214843750001,
    "43,41": 0.00152587890625,
    "31,53": 0.0028015136718750003,
    "33,52": 0.001251220703125,
    "40,47": 0.0021728515625,
    "41,48": 0.0010620117187500001,
    "43,47": 0.00145263671875,
    "46,47": 0.001361083984375,
    "22,56": 0.002020263671875,
    "28,56": 0.0034118652343750003,
    "30,56": 0.0010925292968750001,
    "19,56": 0.00140380859375,
    "25,55": 0.001068115234375,
    "26,57": 0.00103759765625,
    "27,55": 0.0011230468750000001,
    "21,13": 0.00125732421875,
    "20,13": 0.0015502929687500001,
    "5,52": 0.001544189453125,
    "0,52": 0.001141357421875,
    "46,16": 0.0015502929687500001,
    "4,11": 0.0023681640625000003,
    "46,24": 0.001226806640625,
    "48,24": 0.0015625,
    "50,24": 0.001019287109375,
    "51,25": 0.001220703125,
    "53,21": 0.001104736328125,
    "55,24": 0.001226806640625,
    "1,15": 0.00360107421875,
    "1,2": 0.002392578125,
    "0,13": 0.0010009765625000001,
    "8,17": 0.001287841796875,
    "6,22": 0.0013427734375,
    "8,32": 0.001312255859375,
    "11,39": 0.0024169921875,
    "6,56": 0.002911376953125,
    "6,59": 0.00211181640625,
    "5,57": 0.0010314941406250001,
    "7,59": 0.001019287109375,
    "52,61": 0.00137939453125,
    "63,57": 0.001025390625,
    "63,56": 0.002239990234375,
    "63,60": 0.0020019531250000003,
    "63,62": 0.0037353515625,
    "8,59": 0.0012145996093750001,
    "7,47": 0.00137939453125,
    "58,55": 0.0018310546875,
    "1,52": 0.0013977050781250001,
    "36,59": 0.00111083984375,
    "39,60": 0.002203369140625,
    "37,59": 0.001068115234375,
    "39,56": 0.0010009765625000001,
    "40,51": 0.0011230468750000001,
    "43,57": 0.0012023925781250002,
    "42,58": 0.002667236328125,
    "41,60": 0.001531982421875,
    "46,48": 0.00113525390625,
    "42,51": 0.001080322265625,
    "42,57": 0.0010009765625000001,
    "39,44": 0.001141357421875,
    "27,16": 0.001055908203125,
    "22,40": 0.0023071289062500003,
    "29,43": 0.0016723632812500001,
    "31,43": 0.0033813476562500003,
    "63,40": 0.00101318359375,
    "34,44": 0.001544189453125,
    "29,41": 0.00101318359375,
    "32,43": 0.001434326171875,
    "41,38": 0.001165771484375,
    "17,29": 0.0023437500000000003,
    "21,41": 0.0013427734375,
    "21,43": 0.0011474609375,
    "39,30": 0.0012451171875000001,
    "40,35": 0.001177978515625,
    "40,40": 0.0012756347656250001,
    "12,39": 0.0013061523437500001,
    "12,41": 0.0015625,
    "12,30": 0.001531982421875,
    "9,30": 0.001544189453125,
    "16,29": 0.00169677734375,
    "1,16": 0.001007080078125,
    "2,16": 0.001373291015625,
    "18,17": 0.001861572265625,
    "62,40": 0.001239013671875,
    "7,38": 0.00225830078125,
    "12,38": 0.0014465332031250002,
    "7,37": 0.002301025390625,
    "3,30": 0.0013061523437500001,
    "9,37": 0.001141357421875,
    "20,16": 0.0015380859375000002,
    "10,46": 0.00162353515625,
    "6,23": 0.001104736328125,
    "10,24": 0.00108642578125,
    "10,25": 0.001861572265625,
    "12,25": 0.001141357421875,
    "19,28": 0.00101318359375,
    "27,17": 0.0014282226562500001,
    "29,16": 0.001177978515625,
    "51,21": 0.001116943359375,
    "52,19": 0.00128173828125,
    "53,22": 0.00244140625,
    "51,19": 0.0011718750000000002,