
{"is_left_hand": 0,
  "range_mapping": {
    "0": [48, 40, 1, 0, 0, 12, 8, 1.0, 1.0],
    "1": [48, 48, 1, 0, 0, 12, 8, 1.0, 1.0],
    "2": [48, 56, 1, 0, 0, 12, 8, 1.0, 1.0],
    "3": [36, 56, 1, 1, 0, 12, 8, 1.0, 1.0],
    "4": [36, 48, 1, 1, 0, 12, 8, 1.0, 1.0],
    "5": [36, 40, 1, 1, 0, 12, 8, 1.0, 1.0],
    "6": [24, 40, 1, 0, 0, 12, 8, 1.0, 1.0],
    "7": [24, 48, 1, 0, 0, 12, 8, 1.0, 1.0],
    "8": [24, 56, 1, 0, 0, 12, 8, 1.0, 1.0],
    "9": [12, 56, 1, 1, 0, 12, 8, 1.0, 1.0],
    "10": [12, 48, 1, 1, 0, 12, 8, 1.0, 1.0],
    "11": [12, 40, 1, 1, 0, 12, 8, 1.0, 1.0],
    "12": [0, 40, 1, 0, 0, 12, 8, 1.0, 1.0],
    "13": [0, 48, 1, 0, 0, 12, 8, 1.0, 1.0],
    "14": [0, 56, 1, 0, 0, 12, 8, 1.0, 1.0]
  },
  "pixel_mapping": {
    "0": [73, 473, 164, 446],
    "1": [49, 376, 140, 352],
    "2": [27, 280, 122, 259],
    "3": [191, 376, 286, 362],
    "4": [175, 253, 270, 240],
    "5": [157, 130, 252, 119],
    "6": [326, 360, 420, 359],
    "7": [323, 236, 419, 236],
    "8": [317, 90, 415, 91],
    "9": [466, 363, 560, 368],
    "10": [473, 250, 567, 254],
    "11": [475, 127, 572, 131],
    "12": [628, 593, 716, 627],
    "13": [678, 498, 762, 543],
    "14": [741, 408, 817, 461]
  },
  "names": {
    "0": "小指",
    "1": "小指",
    "2": "小指",
    "3": "无名指",
    "4": "无名指",
    "5": "无名指",
    "6": "中指",
    "7": "中指",
    "8": "中指",
    "9": "食指",
    "10": "食指",
    "11": "食指",
    "12": "拇指",
    "13": "拇指",
    "14": "拇指"
  },
  "color_map":
    [[0.14902, 0.14902, 0.14902, 1.0], [0.25107, 0.25237, 0.63374, 1.0],
      [0.27628, 0.42118, 0.89123, 1.0], [0.25862, 0.57958, 0.99876, 1.0],
      [0.15844, 0.73551, 0.92305, 1.0], [0.09267, 0.86554, 0.7623, 1.0],
      [0.19659, 0.94901, 0.59466, 1.0], [0.42778, 0.99419, 0.38575, 1.0],
      [0.64362, 0.98999, 0.23356, 1.0], [0.80473, 0.92452, 0.20459, 1.0],
      [0.93301, 0.81236, 0.22667, 1.0], [0.99314, 0.67408, 0.20348, 1.0],
      [0.9836, 0.49291, 0.12849, 1.0], [0.92105, 0.31489, 0.05475, 1.0],
      [0.81608, 0.18462, 0.01809, 1.0], [0.66449, 0.08436, 0.00424, 1.0],
      [0.4796, 0.01583, 0.01055, 1.0]]
}