
{"is_left_hand": 0,
  "range_mapping": {
    "2": [0, 0, 0, 1, 0, 8, 8, 1.0, 1.0],
    "5": [12, 0, 0, 1, 0, 8, 8, 1.0, 1.0],
    "8": [24, 0, 0, 1, 0, 8, 8, 1.0, 1.0],
    "11": [36, 0, 0, 1, 0, 8, 8, 1.0, 1.0],
    "14": [48, 0, 0, 1, 0, 12, 8, 1.0, 1.0],
    "15": [2, 8, 0, 0, 0, 30, 32, 1.0, 1.0],
    "16": [34, 8, 0, 0, 1, 30, 32, 1.0, 1.0]
  },
  "pixel_mapping": {
    "2": [879, 293, 948, 280],
    "5": [1005, 123, 1074, 116],
    "8": [1163, 81, 1234, 80],
    "11": [1319, 129, 1389, 131],
    "14": [1574, 417, 1639, 463],
    "15": [1030, 591, 1351, 591],
    "16": [344, 591, 663, 591]
  },
  "names": {
    "2": "小指",
    "5": "无名指",
    "8": "中指",
    "11": "食指",
    "14": "拇指",
    "15": "手掌",
    "16": "手背"
  },
  "arrow_offset": {
    "2": [4, 50],
    "5": [2, 50],
    "8": [0, 50],
    "11": [-1, 50],
    "14": [-10, 50],
    "15": [0, 250],
    "16": [0, 250]
  },
  "color_map":
    [[0.14902, 0.14902, 0.14902, 1.0], [0.25107, 0.25237, 0.63374, 1.0],
      [0.27628, 0.42118, 0.89123, 1.0], [0.25862, 0.57958, 0.99876, 1.0],
      [0.15844, 0.73551, 0.92305, 1.0], [0.09267, 0.86554, 0.7623, 1.0],
      [0.19659, 0.94901, 0.59466, 1.0], [0.42778, 0.99419, 0.38575, 1.0],
      [0.64362, 0.98999, 0.23356, 1.0], [0.80473, 0.92452, 0.20459, 1.0],
      [0.93301, 0.81236, 0.22667, 1.0], [0.99314, 0.67408, 0.20348, 1.0],
      [0.9836, 0.49291, 0.12849, 1.0], [0.92105, 0.31489, 0.05475, 1.0],
      [0.81608, 0.18462, 0.01809, 1.0], [0.66449, 0.08436, 0.00424, 1.0],
      [0.4796, 0.01583, 0.01055, 1.0]]
}