
{"is_left_hand": 0,
  "range_mapping": {
    "0": [49, 46, 1, 1, 0, 10, 7, 1.0, 1.0],
    "1": [50, 54, 1, 1, 0, 8, 5, 1.0, 1.0],
    "2": [51, 59, 1, 1, 0, 6, 5, 1.0, 1.0],
    "3": [37, 46, 1, 1, 0, 10, 7, 1.0, 1.0],
    "4": [38, 54, 1, 1, 0, 8, 5, 1.0, 1.0],
    "5": [39, 59, 1, 1, 0, 6, 5, 1.0, 1.0],
    "6": [25, 46, 1, 1, 0, 10, 7, 1.0, 1.0],
    "7": [26, 54, 1, 1, 0, 8, 5, 1.0, 1.0],
    "8": [27, 59, 1, 1, 0, 6, 5, 1.0, 1.0],
    "9": [13, 46, 1, 1, 0, 10, 7, 1.0, 1.0],
    "10": [14, 54, 1, 1, 0, 8, 5, 1.0, 1.0],
    "11": [15, 59, 1, 1, 0, 6, 5, 1.0, 1.0],
    "12": [1, 51, 1, 1, 0, 10, 7, 1.0, 1.0],
    "13": [2, 47, 1, 1, 0, 8, 5, 1.0, 1.0],
    "14": [3, 42, 1, 1, 0, 6, 5, 1.0, 1.0]
  },
  "pixel_mapping": {
    "0": [73, 473, 164, 446],
    "1": [49, 376, 140, 352],
    "2": [20, 260, 115, 235],
    "3": [191, 376, 286, 362],
    "4": [175, 253, 270, 240],
    "5": [157, 115, 252, 105],
    "6": [326, 360, 420, 359],
    "7": [323, 236, 419, 236],
    "8": [317, 75, 415, 75],
    "9": [466, 363, 560, 368],
    "10": [473, 250, 567, 254],
    "11": [475, 105, 572, 110],
    "12": [628, 593, 716, 627],
    "13": [678, 498, 762, 543],
    "14": [741, 398, 817, 451],
    "15": [230, 591, 551, 591]
  },
  "names": {
    "0": "小指-1",
    "1": "小指-2",
    "2": "小指-3",
    "3": "无名指-1",
    "4": "无名指-2",
    "5": "无名指-3",
    "6": "中指-1",
    "7": "中指-2",
    "8": "中指-3",
    "9": "食指-1",
    "10": "食指-2",
    "11": "食指-3",
    "12": "拇指-1",
    "13": "拇指-2",
    "14": "拇指-3",
    "15": "手掌"
  },
  "color_map":
    [[0.14902, 0.14902, 0.14902, 1.0], [0.25107, 0.25237, 0.63374, 1.0],
      [0.27628, 0.42118, 0.89123, 1.0], [0.25862, 0.57958, 0.99876, 1.0],
      [0.15844, 0.73551, 0.92305, 1.0], [0.09267, 0.86554, 0.7623, 1.0],
      [0.19659, 0.94901, 0.59466, 1.0], [0.42778, 0.99419, 0.38575, 1.0],
      [0.64362, 0.98999, 0.23356, 1.0], [0.80473, 0.92452, 0.20459, 1.0],
      [0.93301, 0.81236, 0.22667, 1.0], [0.99314, 0.67408, 0.20348, 1.0],
      [0.9836, 0.49291, 0.12849, 1.0], [0.92105, 0.31489, 0.05475, 1.0],
      [0.81608, 0.18462, 0.01809, 1.0], [0.66449, 0.08436, 0.00424, 1.0],
      [0.4796, 0.01583, 0.01055, 1.0]]
}